{
  "title": "products",
  "type": "object",
  "properties": {
    "productLink": {
      "required": false,
      "description": "Affiliate link goes here",
      "fieldType": "String",
      "dataType": "string",
      "title": "Product Link"
    },
    "itemPrice": {
      "required": false,
      "description": "Ex: 9.99",
      "fieldType": "Number",
      "dataType": "number",
      "title": "Item Price"
    },
    "tags": {
      "required": false,
      "description": "Add category",
      "values": [
        {
          "value": "amazon",
          "label": "Amazon"
        },
        {
          "value": "kitchen",
          "label": "Kitchen"
        },
        {
          "value": "feeding",
          "label": "Feeding"
        },
        {
          "value": "home",
          "label": "Home"
        },
        {
          "value": "bedtime",
          "label": "Bedtime"
        },
        {
          "value": "toys",
          "label": "Toys"
        },
        {
          "value": "gifts",
          "label": "Gifts"
        },
        {
          "value": "bath",
          "label": "Bath"
        },
        {
          "value": "nursery",
          "label": "Nursery"
        },
        {
          "value": "books",
          "label": "Books"
        }
      ],
      "fieldType": "Tags",
      "dataType": "array",
      "title": "Tags"
    },
    "ageRange": {
      "required": false,
      "description": "Product age range",
      "values": [
        {
          "value": "6–12Months",
          "label": "6–12 months"
        },
        {
          "value": "12–18Months",
          "label": "12–18 months"
        },
        {
          "value": "18–24Months",
          "label": "18–24 months"
        },
        {
          "value": "2–3Years",
          "label": "2–3 years"
        },
        {
          "value": "3+Years",
          "label": "3+ years"
        },
        {
          "value": "0–6Months",
          "label": "0–6 months"
        },
        {
          "value": "other",
          "label": "Other"
        }
      ],
      "fieldType": "Tags",
      "dataType": "array",
      "title": "Age Range"
    },
    "affiliateSource": {
      "required": false,
      "description": "Ex: Amazon, Target ...",
      "fieldType": "Tags",
      "dataType": "array",
      "title": "Affiliate Source",
      "values": [
        {
          "value": "amazon",
          "label": "Amazon"
        }
      ]
    }
  }
}
